{"_format":"","paths":{"artifacts":"out","build_infos":"out/build-info","sources":"src","tests":"test","scripts":"script","libraries":["lib"]},"files":{"lib/forge-std/src/Base.sol":{"lastModificationDate":1758904666038,"contentHash":"ee13c050b1914464f1d3f90cde90204b","sourceName":"lib/forge-std/src/Base.sol","imports":["lib/forge-std/src/StdStorage.sol","lib/forge-std/src/Vm.sol"],"versionRequirement":">=0.6.2, <0.9.0","artifacts":{"CommonBase":{"0.8.25":{"default":{"path":"Base.sol/CommonBase.json","build_id":"28f4a02e57713922bc1a931808c49bcd"}}},"ScriptBase":{"0.8.25":{"default":{"path":"Base.sol/ScriptBase.json","build_id":"28f4a02e57713922bc1a931808c49bcd"}}},"TestBase":{"0.8.25":{"default":{"path":"Base.sol/TestBase.json","build_id":"28f4a02e57713922bc1a931808c49bcd"}}}},"seenByCompiler":true},"lib/forge-std/src/Script.sol":{"lastModificationDate":1758954021750,"contentHash":"ba325c778a7da8a21c2136aa32763c14","sourceName":"lib/forge-std/src/Script.sol","imports":["lib/forge-std/src/Base.sol","lib/forge-std/src/StdChains.sol","lib/forge-std/src/StdCheats.sol","lib/forge-std/src/StdJson.sol","lib/forge-std/src/StdMath.sol","lib/forge-std/src/StdStorage.sol","lib/forge-std/src/StdStyle.sol","lib/forge-std/src/StdUtils.sol","lib/forge-std/src/Vm.sol","lib/forge-std/src/console.sol","lib/forge-std/src/console2.sol","lib/forge-std/src/interfaces/IERC165.sol","lib/forge-std/src/interfaces/IERC20.sol","lib/forge-std/src/interfaces/IERC721.sol","lib/forge-std/src/interfaces/IMulticall3.sol","lib/forge-std/src/mocks/MockERC20.sol","lib/forge-std/src/mocks/MockERC721.sol","lib/forge-std/src/safeconsole.sol"],"versionRequirement":">=0.6.2, <0.9.0","artifacts":{"Script":{"0.8.25":{"default":{"path":"Script.sol/Script.json","build_id":"3f1cbe94f796bce9fe892a678c3e3128"}}}},"seenByCompiler":true},"lib/forge-std/src/StdAssertions.sol":{"lastModificationDate":1758904666038,"contentHash":"25b77f9806b64d497b8a46aeb8e5f6f0","sourceName":"lib/forge-std/src/StdAssertions.sol","imports":["lib/forge-std/src/Vm.sol"],"versionRequirement":">=0.6.2, <0.9.0","artifacts":{"StdAssertions":{"0.8.25":{"default":{"path":"StdAssertions.sol/StdAssertions.json","build_id":"28f4a02e57713922bc1a931808c49bcd"}}}},"seenByCompiler":true},"lib/forge-std/src/StdChains.sol":{"lastModificationDate":1758904666039,"contentHash":"b039727c96bb3d5b9a59448fd16b1e0f","sourceName":"lib/forge-std/src/StdChains.sol","imports":["lib/forge-std/src/Vm.sol"],"versionRequirement":">=0.6.2, <0.9.0","artifacts":{"StdChains":{"0.8.25":{"default":{"path":"StdChains.sol/StdChains.json","build_id":"28f4a02e57713922bc1a931808c49bcd"}}}},"seenByCompiler":true},"lib/forge-std/src/StdCheats.sol":{"lastModificationDate":1758904666039,"contentHash":"96c712134b63f85d00461749d0c1611c","sourceName":"lib/forge-std/src/StdCheats.sol","imports":["lib/forge-std/src/StdStorage.sol","lib/forge-std/src/Vm.sol","lib/forge-std/src/console.sol","lib/forge-std/src/console2.sol"],"versionRequirement":">=0.6.2, <0.9.0","artifacts":{"StdCheats":{"0.8.25":{"default":{"path":"StdCheats.sol/StdCheats.json","build_id":"28f4a02e57713922bc1a931808c49bcd"}}},"StdCheatsSafe":{"0.8.25":{"default":{"path":"StdCheats.sol/StdCheatsSafe.json","build_id":"28f4a02e57713922bc1a931808c49bcd"}}}},"seenByCompiler":true},"lib/forge-std/src/StdError.sol":{"lastModificationDate":1758904666039,"contentHash":"64c896e1276a291776e5ea5aecb3870a","sourceName":"lib/forge-std/src/StdError.sol","imports":[],"versionRequirement":">=0.6.2, <0.9.0","artifacts":{"stdError":{"0.8.25":{"default":{"path":"StdError.sol/stdError.json","build_id":"28f4a02e57713922bc1a931808c49bcd"}}}},"seenByCompiler":true},"lib/forge-std/src/StdInvariant.sol":{"lastModificationDate":1758904666040,"contentHash":"f16837d0e7cb829544ae1f1319ea7643","sourceName":"lib/forge-std/src/StdInvariant.sol","imports":[],"versionRequirement":">=0.6.2, <0.9.0","artifacts":{"StdInvariant":{"0.8.25":{"default":{"path":"StdInvariant.sol/StdInvariant.json","build_id":"28f4a02e57713922bc1a931808c49bcd"}}}},"seenByCompiler":true},"lib/forge-std/src/StdJson.sol":{"lastModificationDate":1758904666040,"contentHash":"02209da5708eaee03e24a9c24a687370","sourceName":"lib/forge-std/src/StdJson.sol","imports":["lib/forge-std/src/Vm.sol"],"versionRequirement":">=0.6.0, <0.9.0","artifacts":{"stdJson":{"0.8.25":{"default":{"path":"StdJson.sol/stdJson.json","build_id":"28f4a02e57713922bc1a931808c49bcd"}}}},"seenByCompiler":true},"lib/forge-std/src/StdMath.sol":{"lastModificationDate":1758904666040,"contentHash":"9da8f453eba6bb98f3d75bc6822bfb29","sourceName":"lib/forge-std/src/StdMath.sol","imports":[],"versionRequirement":">=0.6.2, <0.9.0","artifacts":{"stdMath":{"0.8.25":{"default":{"path":"StdMath.sol/stdMath.json","build_id":"28f4a02e57713922bc1a931808c49bcd"}}}},"seenByCompiler":true},"lib/forge-std/src/StdStorage.sol":{"lastModificationDate":1758904666040,"contentHash":"ce68f6e336944f16d31351a47d0b19b8","sourceName":"lib/forge-std/src/StdStorage.sol","imports":["lib/forge-std/src/Vm.sol"],"versionRequirement":">=0.6.2, <0.9.0","artifacts":{"stdStorage":{"0.8.25":{"default":{"path":"StdStorage.sol/stdStorage.json","build_id":"28f4a02e57713922bc1a931808c49bcd"}}},"stdStorageSafe":{"0.8.25":{"default":{"path":"StdStorage.sol/stdStorageSafe.json","build_id":"28f4a02e57713922bc1a931808c49bcd"}}}},"seenByCompiler":true},"lib/forge-std/src/StdStyle.sol":{"lastModificationDate":1758904666041,"contentHash":"6281165a12aa639705c691fccefd855e","sourceName":"lib/forge-std/src/StdStyle.sol","imports":["lib/forge-std/src/Vm.sol"],"versionRequirement":">=0.4.22, <0.9.0","artifacts":{"StdStyle":{"0.8.25":{"default":{"path":"StdStyle.sol/StdStyle.json","build_id":"28f4a02e57713922bc1a931808c49bcd"}}}},"seenByCompiler":true},"lib/forge-std/src/StdToml.sol":{"lastModificationDate":1758904666041,"contentHash":"4bce85a4c60f2c073e651ee8140bcb4d","sourceName":"lib/forge-std/src/StdToml.sol","imports":["lib/forge-std/src/Vm.sol"],"versionRequirement":">=0.6.0, <0.9.0","artifacts":{"stdToml":{"0.8.25":{"default":{"path":"StdToml.sol/stdToml.json","build_id":"28f4a02e57713922bc1a931808c49bcd"}}}},"seenByCompiler":true},"lib/forge-std/src/StdUtils.sol":{"lastModificationDate":1758904666041,"contentHash":"b50717f17f251a2a96a5884c90add7bf","sourceName":"lib/forge-std/src/StdUtils.sol","imports":["lib/forge-std/src/Vm.sol","lib/forge-std/src/interfaces/IERC165.sol","lib/forge-std/src/interfaces/IERC20.sol","lib/forge-std/src/interfaces/IERC721.sol","lib/forge-std/src/interfaces/IMulticall3.sol","lib/forge-std/src/mocks/MockERC20.sol","lib/forge-std/src/mocks/MockERC721.sol"],"versionRequirement":">=0.6.2, <0.9.0","artifacts":{"StdUtils":{"0.8.25":{"default":{"path":"StdUtils.sol/StdUtils.json","build_id":"28f4a02e57713922bc1a931808c49bcd"}}}},"seenByCompiler":true},"lib/forge-std/src/Test.sol":{"lastModificationDate":1758904666041,"contentHash":"b6f15605355fc8c421fe42a90f94bf32","sourceName":"lib/forge-std/src/Test.sol","imports":["lib/forge-std/src/Base.sol","lib/forge-std/src/StdAssertions.sol","lib/forge-std/src/StdChains.sol","lib/forge-std/src/StdCheats.sol","lib/forge-std/src/StdError.sol","lib/forge-std/src/StdInvariant.sol","lib/forge-std/src/StdJson.sol","lib/forge-std/src/StdMath.sol","lib/forge-std/src/StdStorage.sol","lib/forge-std/src/StdStyle.sol","lib/forge-std/src/StdToml.sol","lib/forge-std/src/StdUtils.sol","lib/forge-std/src/Vm.sol","lib/forge-std/src/console.sol","lib/forge-std/src/console2.sol","lib/forge-std/src/interfaces/IERC165.sol","lib/forge-std/src/interfaces/IERC20.sol","lib/forge-std/src/interfaces/IERC721.sol","lib/forge-std/src/interfaces/IMulticall3.sol","lib/forge-std/src/mocks/MockERC20.sol","lib/forge-std/src/mocks/MockERC721.sol","lib/forge-std/src/safeconsole.sol"],"versionRequirement":">=0.6.2, <0.9.0","artifacts":{"Test":{"0.8.25":{"default":{"path":"Test.sol/Test.json","build_id":"28f4a02e57713922bc1a931808c49bcd"}}}},"seenByCompiler":true},"lib/forge-std/src/Vm.sol":{"lastModificationDate":1758904666042,"contentHash":"ed961ea72f5810e9684432d58a51b951","sourceName":"lib/forge-std/src/Vm.sol","imports":[],"versionRequirement":">=0.6.2, <0.9.0","artifacts":{"Vm":{"0.8.25":{"default":{"path":"Vm.sol/Vm.json","build_id":"28f4a02e57713922bc1a931808c49bcd"}}},"VmSafe":{"0.8.25":{"default":{"path":"Vm.sol/VmSafe.json","build_id":"28f4a02e57713922bc1a931808c49bcd"}}}},"seenByCompiler":true},"lib/forge-std/src/console.sol":{"lastModificationDate":1758904666042,"contentHash":"ce19a9e49945b42118379ff99d853c05","sourceName":"lib/forge-std/src/console.sol","imports":[],"versionRequirement":">=0.4.22, <0.9.0","artifacts":{"console":{"0.8.25":{"default":{"path":"console.sol/console.json","build_id":"28f4a02e57713922bc1a931808c49bcd"}}}},"seenByCompiler":true},"lib/forge-std/src/console2.sol":{"lastModificationDate":1758904666042,"contentHash":"f65ad21034b111e70fb5342d5771efcd","sourceName":"lib/forge-std/src/console2.sol","imports":["lib/forge-std/src/console.sol"],"versionRequirement":">=0.4.22, <0.9.0","artifacts":{},"seenByCompiler":true},"lib/forge-std/src/interfaces/IERC165.sol":{"lastModificationDate":1758904666042,"contentHash":"90fe5e2e3ed432d6f3b408e7c9e8a739","sourceName":"lib/forge-std/src/interfaces/IERC165.sol","imports":[],"versionRequirement":">=0.6.2","artifacts":{"IERC165":{"0.8.25":{"default":{"path":"IERC165.sol/IERC165.json","build_id":"28f4a02e57713922bc1a931808c49bcd"}}}},"seenByCompiler":true},"lib/forge-std/src/interfaces/IERC20.sol":{"lastModificationDate":1758904666043,"contentHash":"8099161d518e5862a76750349d58e801","sourceName":"lib/forge-std/src/interfaces/IERC20.sol","imports":[],"versionRequirement":">=0.6.2","artifacts":{"IERC20":{"0.8.25":{"default":{"path":"interfaces/IERC20.sol/IERC20.json","build_id":"28f4a02e57713922bc1a931808c49bcd"}}}},"seenByCompiler":true},"lib/forge-std/src/interfaces/IERC721.sol":{"lastModificationDate":1758904666043,"contentHash":"efc26e7f9a2f76b68088c8760ceae2dc","sourceName":"lib/forge-std/src/interfaces/IERC721.sol","imports":["lib/forge-std/src/interfaces/IERC165.sol"],"versionRequirement":">=0.6.2","artifacts":{"IERC721":{"0.8.25":{"default":{"path":"IERC721.sol/IERC721.json","build_id":"28f4a02e57713922bc1a931808c49bcd"}}},"IERC721Enumerable":{"0.8.25":{"default":{"path":"IERC721.sol/IERC721Enumerable.json","build_id":"28f4a02e57713922bc1a931808c49bcd"}}},"IERC721Metadata":{"0.8.25":{"default":{"path":"IERC721.sol/IERC721Metadata.json","build_id":"28f4a02e57713922bc1a931808c49bcd"}}},"IERC721TokenReceiver":{"0.8.25":{"default":{"path":"IERC721.sol/IERC721TokenReceiver.json","build_id":"28f4a02e57713922bc1a931808c49bcd"}}}},"seenByCompiler":true},"lib/forge-std/src/interfaces/IMulticall3.sol":{"lastModificationDate":1758904666043,"contentHash":"7b131ca1ca32ef6378b7b9ad5488b901","sourceName":"lib/forge-std/src/interfaces/IMulticall3.sol","imports":[],"versionRequirement":">=0.6.2, <0.9.0","artifacts":{"IMulticall3":{"0.8.25":{"default":{"path":"IMulticall3.sol/IMulticall3.json","build_id":"28f4a02e57713922bc1a931808c49bcd"}}}},"seenByCompiler":true},"lib/forge-std/src/mocks/MockERC20.sol":{"lastModificationDate":1758904666043,"contentHash":"8e14d63e81e1d54dbc2d44df38ae9dec","sourceName":"lib/forge-std/src/mocks/MockERC20.sol","imports":["lib/forge-std/src/interfaces/IERC20.sol"],"versionRequirement":">=0.6.2, <0.9.0","artifacts":{"MockERC20":{"0.8.25":{"default":{"path":"MockERC20.sol/MockERC20.json","build_id":"28f4a02e57713922bc1a931808c49bcd"}}}},"seenByCompiler":true},"lib/forge-std/src/mocks/MockERC721.sol":{"lastModificationDate":1758904666044,"contentHash":"e91cd9dba7f88f03710c56a347d89d1e","sourceName":"lib/forge-std/src/mocks/MockERC721.sol","imports":["lib/forge-std/src/interfaces/IERC165.sol","lib/forge-std/src/interfaces/IERC721.sol"],"versionRequirement":">=0.6.2, <0.9.0","artifacts":{"MockERC721":{"0.8.25":{"default":{"path":"MockERC721.sol/MockERC721.json","build_id":"28f4a02e57713922bc1a931808c49bcd"}}}},"seenByCompiler":true},"lib/forge-std/src/safeconsole.sol":{"lastModificationDate":1758904666044,"contentHash":"1445aa2f47000e212173e0cefd6c7a77","sourceName":"lib/forge-std/src/safeconsole.sol","imports":[],"versionRequirement":">=0.6.2, <0.9.0","artifacts":{"safeconsole":{"0.8.25":{"default":{"path":"safeconsole.sol/safeconsole.json","build_id":"28f4a02e57713922bc1a931808c49bcd"}}}},"seenByCompiler":true},"script/DeployCelo.s.sol":{"lastModificationDate":1759002741925,"contentHash":"62581ea53602eac6a14ceae121616161","sourceName":"script/DeployCelo.s.sol","imports":["lib/forge-std/src/Base.sol","lib/forge-std/src/Script.sol","lib/forge-std/src/StdChains.sol","lib/forge-std/src/StdCheats.sol","lib/forge-std/src/StdJson.sol","lib/forge-std/src/StdMath.sol","lib/forge-std/src/StdStorage.sol","lib/forge-std/src/StdStyle.sol","lib/forge-std/src/StdUtils.sol","lib/forge-std/src/Vm.sol","lib/forge-std/src/console.sol","lib/forge-std/src/console2.sol","lib/forge-std/src/interfaces/IERC165.sol","lib/forge-std/src/interfaces/IERC20.sol","lib/forge-std/src/interfaces/IERC721.sol","lib/forge-std/src/interfaces/IMulticall3.sol","lib/forge-std/src/mocks/MockERC20.sol","lib/forge-std/src/mocks/MockERC721.sol","lib/forge-std/src/safeconsole.sol","src/celo/SelfVerifierAdapter.sol","src/common/Events.sol","src/interfaces/IAttestationSink.sol","src/interfaces/IIdentityAttestations.sol","src/rootstock/IdentityAttestations.sol"],"versionRequirement":"^0.8.25","artifacts":{"DeployCelo":{"0.8.25":{"default":{"path":"DeployCelo.s.sol/DeployCelo.json","build_id":"d3fa663efc58f1361b0b945b609389b8"}}}},"seenByCompiler":true},"script/DeployRootstock.s.sol":{"lastModificationDate":1759004300957,"contentHash":"c5afe2a051421c80a0df3c26713f84ec","sourceName":"script/DeployRootstock.s.sol","imports":["lib/forge-std/src/Base.sol","lib/forge-std/src/Script.sol","lib/forge-std/src/StdChains.sol","lib/forge-std/src/StdCheats.sol","lib/forge-std/src/StdJson.sol","lib/forge-std/src/StdMath.sol","lib/forge-std/src/StdStorage.sol","lib/forge-std/src/StdStyle.sol","lib/forge-std/src/StdUtils.sol","lib/forge-std/src/Vm.sol","lib/forge-std/src/console.sol","lib/forge-std/src/console2.sol","lib/forge-std/src/interfaces/IERC165.sol","lib/forge-std/src/interfaces/IERC20.sol","lib/forge-std/src/interfaces/IERC721.sol","lib/forge-std/src/interfaces/IMulticall3.sol","lib/forge-std/src/mocks/MockERC20.sol","lib/forge-std/src/mocks/MockERC721.sol","lib/forge-std/src/safeconsole.sol","src/rootstock/PrizeEscrow.sol"],"versionRequirement":"^0.8.25","artifacts":{"DeployRootstock":{"0.8.25":{"default":{"path":"DeployRootstock.s.sol/DeployRootstock.json","build_id":"ed6f3100703ae5a3a4585a5452a32a81"}}}},"seenByCompiler":true},"src/celo/SelfVerifierAdapter.sol":{"lastModificationDate":1758944436906,"contentHash":"f1ba79658ca920dbe4d60bb674c55b61","sourceName":"src/celo/SelfVerifierAdapter.sol","imports":["src/interfaces/IAttestationSink.sol"],"versionRequirement":"^0.8.25","artifacts":{"SelfVerifierAdapter":{"0.8.25":{"default":{"path":"SelfVerifierAdapter.sol/SelfVerifierAdapter.json","build_id":"28f4a02e57713922bc1a931808c49bcd"}}}},"seenByCompiler":true},"src/common/Errors.sol":{"lastModificationDate":1758963329328,"contentHash":"246ba6765ccb829a79a0dc708d08faba","sourceName":"src/common/Errors.sol","imports":[],"versionRequirement":"^0.8.25","artifacts":{"Errors":{"0.8.25":{"default":{"path":"Errors.sol/Errors.json","build_id":"3f1cbe94f796bce9fe892a678c3e3128"}}}},"seenByCompiler":true},"src/common/Events.sol":{"lastModificationDate":1758963314393,"contentHash":"6f36ee0a6350cc084a6cec07f7c6464c","sourceName":"src/common/Events.sol","imports":[],"versionRequirement":"^0.8.25","artifacts":{"EscrowEvents":{"0.8.25":{"default":{"path":"Events.sol/EscrowEvents.json","build_id":"3f1cbe94f796bce9fe892a678c3e3128"}}},"IdentityEvents":{"0.8.25":{"default":{"path":"Events.sol/IdentityEvents.json","build_id":"3f1cbe94f796bce9fe892a678c3e3128"}}}},"seenByCompiler":true},"src/common/Types.sol":{"lastModificationDate":1758963303335,"contentHash":"a5fa4b9c0b9fe977b9d7c03d93c6fe3f","sourceName":"src/common/Types.sol","imports":[],"versionRequirement":"^0.8.25","artifacts":{"Types":{"0.8.25":{"default":{"path":"Types.sol/Types.json","build_id":"3f1cbe94f796bce9fe892a678c3e3128"}}}},"seenByCompiler":true},"src/interfaces/IAttestationSink.sol":{"lastModificationDate":1758944416342,"contentHash":"2ef4e74512608d8f9143ac5b0ea0497e","sourceName":"src/interfaces/IAttestationSink.sol","imports":[],"versionRequirement":"^0.8.25","artifacts":{"IAttestationSink":{"0.8.25":{"default":{"path":"IAttestationSink.sol/IAttestationSink.json","build_id":"28f4a02e57713922bc1a931808c49bcd"}}}},"seenByCompiler":true},"src/interfaces/IERC20.sol":{"lastModificationDate":1758944419482,"contentHash":"394215319206efa877b3f65751b6e4fd","sourceName":"src/interfaces/IERC20.sol","imports":[],"versionRequirement":"^0.8.25","artifacts":{"IERC20":{"0.8.25":{"default":{"path":"IERC20.sol/IERC20.json","build_id":"28f4a02e57713922bc1a931808c49bcd"}}}},"seenByCompiler":true},"src/interfaces/IIdentityAttestations.sol":{"lastModificationDate":1758944422381,"contentHash":"97123723182348bba2c02f8d57b05a48","sourceName":"src/interfaces/IIdentityAttestations.sol","imports":[],"versionRequirement":"^0.8.25","artifacts":{"IIdentityAttestations":{"0.8.25":{"default":{"path":"IIdentityAttestations.sol/IIdentityAttestations.json","build_id":"28f4a02e57713922bc1a931808c49bcd"}}}},"seenByCompiler":true},"src/libs/SafeERC20.sol":{"lastModificationDate":1758944411800,"contentHash":"448dce73a468e91610caeeb9063cb560","sourceName":"src/libs/SafeERC20.sol","imports":[],"versionRequirement":"^0.8.25","artifacts":{"SafeERC20":{"0.8.25":{"default":{"path":"SafeERC20.sol/SafeERC20.json","build_id":"28f4a02e57713922bc1a931808c49bcd"}}}},"seenByCompiler":true},"src/rootstock/IdentityAttestations.sol":{"lastModificationDate":1758954022147,"contentHash":"b33fcaab91e1f14b08e0753f52a5dccf","sourceName":"src/rootstock/IdentityAttestations.sol","imports":["src/common/Events.sol","src/interfaces/IIdentityAttestations.sol"],"versionRequirement":"^0.8.25","artifacts":{"IdentityAttestations":{"0.8.25":{"default":{"path":"IdentityAttestations.sol/IdentityAttestations.json","build_id":"3f1cbe94f796bce9fe892a678c3e3128"}}}},"seenByCompiler":true},"src/rootstock/PrizeEscrow.sol":{"lastModificationDate":1759001839316,"contentHash":"8fa6122899335c5cae4222b22c8cd776","sourceName":"src/rootstock/PrizeEscrow.sol","imports":[],"versionRequirement":"^0.8.25","artifacts":{"IERC20":{"0.8.25":{"default":{"path":"PrizeEscrow.sol/IERC20.json","build_id":"d3fa663efc58f1361b0b945b609389b8"}}},"PrizeEscrow":{"0.8.25":{"default":{"path":"PrizeEscrow.sol/PrizeEscrow.json","build_id":"d3fa663efc58f1361b0b945b609389b8"}}},"ReentrancyGuard":{"0.8.25":{"default":{"path":"PrizeEscrow.sol/ReentrancyGuard.json","build_id":"d3fa663efc58f1361b0b945b609389b8"}}}},"seenByCompiler":true},"src/utils/ReentrancyGuard.sol":{"lastModificationDate":1758944394758,"contentHash":"cd0b9206d8315cfd41aef6a58b0fa353","sourceName":"src/utils/ReentrancyGuard.sol","imports":[],"versionRequirement":"^0.8.25","artifacts":{"ReentrancyGuard":{"0.8.25":{"default":{"path":"ReentrancyGuard.sol/ReentrancyGuard.json","build_id":"28f4a02e57713922bc1a931808c49bcd"}}}},"seenByCompiler":true},"test/PrizeEscrowAndIdentityAttestations.t.sol":{"lastModificationDate":1759003770321,"contentHash":"74be4adeb30a30225751dfc9be9dd4bc","sourceName":"test/PrizeEscrowAndIdentityAttestations.t.sol","imports":["lib/forge-std/src/Base.sol","lib/forge-std/src/StdAssertions.sol","lib/forge-std/src/StdChains.sol","lib/forge-std/src/StdCheats.sol","lib/forge-std/src/StdError.sol","lib/forge-std/src/StdInvariant.sol","lib/forge-std/src/StdJson.sol","lib/forge-std/src/StdMath.sol","lib/forge-std/src/StdStorage.sol","lib/forge-std/src/StdStyle.sol","lib/forge-std/src/StdToml.sol","lib/forge-std/src/StdUtils.sol","lib/forge-std/src/Test.sol","lib/forge-std/src/Vm.sol","lib/forge-std/src/console.sol","lib/forge-std/src/console2.sol","lib/forge-std/src/interfaces/IERC165.sol","lib/forge-std/src/interfaces/IERC20.sol","lib/forge-std/src/interfaces/IERC721.sol","lib/forge-std/src/interfaces/IMulticall3.sol","lib/forge-std/src/mocks/MockERC20.sol","lib/forge-std/src/mocks/MockERC721.sol","lib/forge-std/src/safeconsole.sol","src/common/Errors.sol","src/rootstock/PrizeEscrow.sol"],"versionRequirement":"^0.8.25","artifacts":{"PrizeEscrow_NoAttestor_Test":{"0.8.25":{"default":{"path":"PrizeEscrowAndIdentityAttestations.t.sol/PrizeEscrow_NoAttestor_Test.json","build_id":"d3fa663efc58f1361b0b945b609389b8"}}}},"seenByCompiler":true}},"builds":["28f4a02e57713922bc1a931808c49bcd","3f1cbe94f796bce9fe892a678c3e3128","d3fa663efc58f1361b0b945b609389b8","ed6f3100703ae5a3a4585a5452a32a81"],"profiles":{"default":{"solc":{"optimizer":{"enabled":true,"runs":200},"metadata":{"useLiteralContent":false,"bytecodeHash":"ipfs","appendCBOR":true},"outputSelection":{"*":{"*":["abi","evm.bytecode.object","evm.bytecode.sourceMap","evm.bytecode.linkReferences","evm.deployedBytecode.object","evm.deployedBytecode.sourceMap","evm.deployedBytecode.linkReferences","evm.deployedBytecode.immutableReferences","evm.methodIdentifiers","metadata"]}},"evmVersion":"cancun","viaIR":true,"libraries":{}},"vyper":{"evmVersion":"cancun","outputSelection":{"*":{"*":["abi","evm.bytecode","evm.deployedBytecode"]}}}}}}